city,date,temperature,precipitation,humidity,description
Istanbul,2022-09-18,73.9,0.006,63.0,"Rain, Partially cloudy"
Istanbul,2022-09-19,67.7,0.0,54.0,Partially cloudy
Istanbul,2022-09-20,65.2,0.002,66.6,"Rain, Partially cloudy"
Istanbul,2022-09-21,64.9,0.005,58.6,"Rain, Partially cloudy"
Istanbul,2022-09-22,58.4,0.738,78.7,"Rain, Partially cloudy"
Istanbul,2022-09-23,58.5,0.347,76.8,"Rain, Partially cloudy"
Istanbul,2022-09-24,61.1,0.002,66.5,"Rain, Partially cloudy"
Istanbul,2022-09-25,64.3,0.0,63.3,Clear
Istanbul,2022-09-26,66.3,0.0,61.4,Partially cloudy
Istanbul,2022-09-27,71.6,0.0,52.9,Partially cloudy
Istanbul,2022-09-28,74.8,0.011,68.8,"Rain, Partially cloudy"
Istanbul,2022-09-29,75.5,0.0,67.8,Partially cloudy
Istanbul,2022-09-30,75.5,0.0,64.0,Clear
Istanbul,2022-10-01,75.1,0.0,65.8,Clear
Istanbul,2022-10-02,72.3,0.271,65.5,"Rain, Partially cloudy"
Istanbul,2022-10-03,66.0,0.044,64.3,"Rain, Partially cloudy"
Istanbul,2022-10-04,63.9,0.001,65.3,"Rain, Partially cloudy"
Istanbul,2022-10-05,62.1,0.048,67.7,"Rain, Partially cloudy"
Istanbul,2022-10-06,64.6,0.002,66.7,"Rain, Partially cloudy"
Istanbul,2022-10-07,65.5,0.151,70.0,"Rain, Partially cloudy"
Istanbul,2022-10-08,66.4,0.019,72.9,"Rain, Partially cloudy"
Istanbul,2022-10-09,63.7,0.0,77.7,Partially cloudy
Istanbul,2022-10-10,63.9,0.0,77.6,Partially cloudy
Istanbul,2022-10-11,64.2,0.0,74.2,Partially cloudy
Istanbul,2022-10-12,63.7,0.0,68.4,Partially cloudy
Istanbul,2022-10-13,65.0,0.008,74.4,"Rain, Partially cloudy"
Istanbul,2022-10-14,63.3,0.003,70.5,"Rain, Partially cloudy"
Istanbul,2022-10-15,61.6,0.395,85.2,"Rain, Overcast"
Istanbul,2022-10-16,62.8,0.154,75.2,"Rain, Partially cloudy"
Istanbul,2022-10-17,63.3,0.0,72.4,Partially cloudy
Istanbul,2022-10-18,63.3,0.0,73.9,Partially cloudy
Istanbul,2022-10-19,61.7,0.007,80.4,"Rain, Partially cloudy"
Istanbul,2022-10-20,58.1,0.011,80.3,"Rain, Partially cloudy"
Istanbul,2022-10-21,55.8,0.0,62.3,Partially cloudy
Istanbul,2022-10-22,55.9,0.0,63.9,Clear
Istanbul,2022-10-23,62.0,0.0,70.2,Clear
Istanbul,2022-10-24,61.0,0.0,76.4,Clear
Istanbul,2022-10-25,61.7,0.0,74.9,Clear
Istanbul,2022-10-26,61.5,0.0,83.2,Partially cloudy
Istanbul,2022-10-27,60.9,0.0,84.4,Partially cloudy
Istanbul,2022-10-28,60.7,0.0,78.6,Partially cloudy
Istanbul,2022-10-29,58.5,0.0,78.4,Partially cloudy
Istanbul,2022-10-30,57.3,0.0,80.2,Clear
Istanbul,2022-10-31,57.6,0.0,83.5,Partially cloudy
Istanbul,2022-11-01,58.3,0.0,83.3,Clear
Istanbul,2022-11-02,57.0,0.0,79.6,Clear
Istanbul,2022-11-03,59.1,0.0,84.4,Partially cloudy
Istanbul,2022-11-04,59.1,0.0,82.0,Partially cloudy
Istanbul,2022-11-05,62.7,0.0,66.3,Clear
Istanbul,2022-11-06,62.7,0.0,63.1,Partially cloudy
Istanbul,2022-11-07,60.0,0.0,78.2,Partially cloudy
Istanbul,2022-11-08,55.5,0.0,71.5,Partially cloudy
Istanbul,2022-11-09,54.9,0.0,71.5,Partially cloudy
Istanbul,2022-11-10,54.0,0.0,78.5,Clear
Istanbul,2022-11-11,55.3,0.0,79.2,Partially cloudy
Istanbul,2022-11-12,59.1,0.0,77.4,Partially cloudy
Istanbul,2022-11-13,58.2,0.0,82.2,Partially cloudy
Istanbul,2022-11-14,57.7,0.0,73.4,Partially cloudy
Istanbul,2022-11-15,56.8,0.0,77.4,Partially cloudy
Istanbul,2022-11-16,56.0,0.0,80.7,Partially cloudy
Istanbul,2022-11-17,62.1,0.054,73.6,"Rain, Partially cloudy"
Istanbul,2022-11-18,64.6,0.103,71.3,"Rain, Partially cloudy"
Istanbul,2022-11-19,67.5,0.001,71.4,"Rain, Partially cloudy"
Istanbul,2022-11-20,68.0,0.0,62.9,Partially cloudy
Istanbul,2022-11-21,67.1,0.035,58.3,"Rain, Partially cloudy"
Istanbul,2022-11-22,55.9,0.559,82.3,"Rain, Partially cloudy"
Istanbul,2022-11-23,60.3,0.078,68.1,"Rain, Partially cloudy"
Istanbul,2022-11-24,56.7,0.201,85.0,"Rain, Partially cloudy"
Istanbul,2022-11-25,51.9,0.13,75.8,"Rain, Partially cloudy"
Istanbul,2022-11-26,48.7,0.181,79.0,"Rain, Partially cloudy"
Istanbul,2022-11-27,48.3,0.058,76.6,"Rain, Partially cloudy"
Istanbul,2022-11-28,53.0,0.065,76.1,"Rain, Partially cloudy"
Istanbul,2022-11-29,54.9,0.01,81.1,"Rain, Partially cloudy"
Istanbul,2022-11-30,56.9,0.106,87.6,"Rain, Partially cloudy"
Istanbul,2022-12-01,55.8,0.371,92.5,"Rain, Partially cloudy"
Istanbul,2022-12-02,52.2,0.375,95.2,"Rain, Partially cloudy"
Istanbul,2022-12-03,50.7,0.193,90.1,"Rain, Partially cloudy"
Istanbul,2022-12-04,51.1,0.039,85.7,"Rain, Partially cloudy"
Istanbul,2022-12-05,52.7,0.027,84.8,"Rain, Partially cloudy"
Istanbul,2022-12-06,52.5,0.026,83.8,"Rain, Partially cloudy"
Istanbul,2022-12-07,52.0,0.0,83.6,Partially cloudy
Istanbul,2022-12-08,54.9,0.0,73.8,Partially cloudy
Istanbul,2022-12-09,58.9,0.012,77.0,"Rain, Partially cloudy"
Istanbul,2022-12-10,60.9,0.004,71.1,"Rain, Partially cloudy"
Istanbul,2022-12-11,62.8,0.032,71.0,"Rain, Partially cloudy"
Istanbul,2022-12-12,59.1,0.038,80.8,"Rain, Partially cloudy"
Istanbul,2022-12-13,47.5,0.214,82.7,"Rain, Partially cloudy"
Istanbul,2022-12-14,48.2,0.144,77.1,"Rain, Partially cloudy"
Istanbul,2022-12-15,55.7,0.043,82.5,"Rain, Partially cloudy"
Istanbul,2022-12-16,60.1,0.12,84.2,"Rain, Partially cloudy"
Istanbul,2022-12-17,61.5,0.0,76.0,Partially cloudy
Istanbul,2022-12-18,54.0,0.01,88.9,"Rain, Partially cloudy"
Istanbul,2022-12-19,45.0,0.248,80.3,"Rain, Partially cloudy"
Istanbul,2022-12-20,44.9,0.008,68.9,"Rain, Partially cloudy"
Istanbul,2022-12-21,46.9,0.011,65.3,"Rain, Partially cloudy"
Istanbul,2022-12-22,45.9,0.0,71.8,Clear
Istanbul,2022-12-23,49.0,0.0,73.5,Partially cloudy
Istanbul,2022-12-24,50.2,0.0,80.1,Partially cloudy
Istanbul,2022-12-25,51.3,0.079,86.2,"Rain, Partially cloudy"
Istanbul,2022-12-26,48.2,0.004,85.3,"Rain, Partially cloudy"
Istanbul,2022-12-27,51.5,0.0,75.2,Partially cloudy
Istanbul,2022-12-28,51.1,0.003,81.4,"Rain, Partially cloudy"
Istanbul,2022-12-29,47.9,0.002,81.5,"Rain, Partially cloudy"
Istanbul,2022-12-30,50.8,0.0,86.4,Partially cloudy
Istanbul,2022-12-31,50.4,0.0,87.1,Clear
Istanbul,2023-01-01,47.1,0.0,92.6,Partially cloudy
Istanbul,2023-01-02,46.0,0.0,90.5,Partially cloudy
Istanbul,2023-01-03,47.2,0.002,84.8,Rain
Istanbul,2023-01-04,48.8,0.002,91.0,"Rain, Partially cloudy"
Istanbul,2023-01-05,50.9,0.001,86.5,"Rain, Partially cloudy"
Istanbul,2023-01-06,51.8,0.003,83.7,"Rain, Partially cloudy"
Istanbul,2023-01-07,47.8,0.0,88.4,Partially cloudy
Istanbul,2023-01-08,45.9,0.0,86.0,Clear
Istanbul,2023-01-09,46.1,0.001,72.2,Rain
Istanbul,2023-01-10,52.9,0.0,57.7,Partially cloudy
Istanbul,2023-01-11,53.6,0.035,79.4,"Rain, Partially cloudy"
Istanbul,2023-01-12,50.6,0.018,89.6,"Rain, Partially cloudy"
Istanbul,2023-01-13,48.5,0.149,93.0,"Rain, Overcast"
Istanbul,2023-01-14,49.4,0.008,86.0,"Rain, Overcast"
Istanbul,2023-01-15,48.7,0.002,84.0,"Rain, Partially cloudy"
Istanbul,2023-01-16,47.3,0.0,85.8,Partially cloudy
Istanbul,2023-01-17,55.9,0.006,69.0,"Rain, Partially cloudy"
Istanbul,2023-01-18,60.9,0.0,59.7,Partially cloudy
Istanbul,2023-01-19,61.4,0.0,53.4,Partially cloudy
Istanbul,2023-01-20,56.1,0.039,63.3,"Rain, Partially cloudy"
Istanbul,2023-01-21,56.0,0.101,66.4,"Rain, Partially cloudy"
Istanbul,2023-01-22,53.5,0.0,72.1,Partially cloudy
Istanbul,2023-01-23,50.1,0.0,82.1,Partially cloudy
Istanbul,2023-01-24,46.7,0.0,76.8,Partially cloudy
Istanbul,2023-01-25,42.2,0.09,84.0,"Rain, Partially cloudy"
Istanbul,2023-01-26,46.8,0.01,78.9,"Rain, Partially cloudy"
Istanbul,2023-01-27,52.6,0.011,71.4,"Rain, Partially cloudy"
Istanbul,2023-01-28,45.3,0.142,86.0,"Rain, Overcast"
Istanbul,2023-01-29,39.3,0.046,80.5,"Rain, Overcast"
Istanbul,2023-01-30,37.9,0.033,85.2,"Rain, Overcast"
Istanbul,2023-01-31,37.2,0.272,86.1,"Snow, Rain, Partially cloudy"
Istanbul,2023-02-01,39.7,0.322,81.7,"Rain, Partially cloudy"
Istanbul,2023-02-02,46.8,0.008,68.6,"Rain, Partially cloudy"
Istanbul,2023-02-03,41.5,0.103,79.1,"Rain, Partially cloudy"
Istanbul,2023-02-04,41.4,0.115,82.5,"Rain, Partially cloudy"
Istanbul,2023-02-05,38.2,0.609,89.3,"Snow, Rain, Partially cloudy"
Istanbul,2023-02-06,36.7,1.187,89.8,"Snow, Rain, Overcast"
Istanbul,2023-02-07,35.1,0.463,82.6,"Snow, Rain, Overcast"
Istanbul,2023-02-08,34.4,0.175,87.1,"Snow, Rain, Partially cloudy"
Istanbul,2023-02-09,38.5,0.239,78.3,"Rain, Partially cloudy"
Beirut,2023-02-09,50.7,0.118,48.0,"Rain, Partially cloudy"
Beirut,2023-02-10,53.6,0.0,48.6,Clear
Beirut,2023-02-11,55.0,0.0,45.7,Partially cloudy
Beirut,2023-02-12,53.5,0.08,61.6,"Rain, Partially cloudy"
Beirut,2023-02-13,54.3,0.0,52.6,Clear
Beirut,2023-02-14,54.8,0.008,48.8,Rain
Beirut,2023-02-15,54.3,0.0,50.7,Partially cloudy
Beirut,2023-02-16,55.4,0.0,45.3,Clear
Beirut,2023-02-17,55.9,0.0,46.7,Clear
Beirut,2023-02-18,55.8,0.0,55.5,Clear
Beirut,2023-02-19,56.6,0.0,56.6,Clear
Beirut,2023-02-20,57.9,0.0,49.9,Clear
Beirut,2023-02-21,60.0,0.012,60.5,"Rain, Partially cloudy"
Beirut,2023-02-22,59.7,0.0,61.0,Partially cloudy
Beirut,2023-02-23,60.2,0.016,65.2,"Rain, Partially cloudy"
Beirut,2023-02-24,60.9,0.04,68.2,"Rain, Partially cloudy"
Beirut,2023-02-25,61.6,0.032,72.0,"Rain, Partially cloudy"
Beirut,2023-02-26,61.6,0.0,74.1,Clear
Beirut,2023-02-27,65.1,0.0,64.3,Clear
Beirut,2023-02-28,70.5,0.0,36.4,Clear
Beirut,2023-03-01,71.2,0.0,32.2,Clear
Beirut,2023-03-02,70.5,0.0,43.7,Clear
Beirut,2023-03-03,69.5,0.0,58.8,Partially cloudy
Beirut,2023-03-04,63.0,0.0,69.1,Clear
Beirut,2023-03-05,68.9,0.0,42.6,Clear
Beirut,2023-03-06,64.5,0.212,71.0,"Rain, Partially cloudy"
Beirut,2023-03-07,62.1,0.028,60.1,"Rain, Partially cloudy"
Beirut,2023-03-08,61.5,0.052,65.4,"Rain, Partially cloudy"
Beirut,2023-03-09,61.3,0.0,68.5,Partially cloudy
Beirut,2023-03-10,61.7,0.0,62.7,Clear
Beirut,2023-03-11,66.1,0.0,47.8,Partially cloudy
Beirut,2023-03-12,66.0,0.0,49.1,Partially cloudy
Beirut,2023-03-13,67.0,0.012,66.7,"Rain, Partially cloudy"
Beirut,2023-03-14,64.1,0.242,69.1,"Rain, Partially cloudy"
Beirut,2023-03-15,60.4,0.41,75.9,"Rain, Partially cloudy"
Beirut,2023-03-16,62.7,0.068,61.4,"Rain, Partially cloudy"
Beirut,2023-03-17,66.3,0.0,48.5,Clear
Beirut,2023-03-18,61.3,0.039,64.5,"Rain, Partially cloudy"
Beirut,2023-03-19,58.1,0.787,77.9,"Rain, Partially cloudy"
Beirut,2023-03-20,58.7,0.079,72.1,"Rain, Partially cloudy"
Beirut,2023-03-21,61.2,0.008,66.6,"Rain, Partially cloudy"
Beirut,2023-03-22,62.7,0.0,69.9,Partially cloudy
Beirut,2023-03-23,65.1,0.004,58.9,"Rain, Partially cloudy"
Beirut,2023-03-24,68.2,0.004,63.2,Rain
Beirut,2023-03-25,66.5,0.044,72.5,"Rain, Partially cloudy"
Beirut,2023-03-26,64.8,0.004,80.2,"Rain, Partially cloudy"
Beirut,2023-03-27,63.7,0.0,71.0,Partially cloudy
Beirut,2023-03-28,64.9,0.0,61.4,Clear
Beirut,2023-03-29,63.5,0.144,56.4,"Rain, Partially cloudy"
Beirut,2023-03-30,57.7,0.108,58.7,"Rain, Partially cloudy"
Beirut,2023-03-31,56.5,0.0,40.7,Clear
Istanbul,2023-03-31,49.6,0.0,55.2,Partially cloudy
Istanbul,2023-04-01,59.6,0.004,62.8,"Rain, Partially cloudy"
Istanbul,2023-04-02,58.2,0.17,76.8,"Rain, Partially cloudy"
Istanbul,2023-04-03,57.5,0.17,84.6,"Rain, Partially cloudy"
Istanbul,2023-04-04,54.7,0.049,85.0,"Rain, Partially cloudy"
Istanbul,2023-04-05,46.8,0.374,88.5,"Rain, Partially cloudy"
Istanbul,2023-04-06,49.8,0.074,81.3,"Rain, Partially cloudy"
Istanbul,2023-04-07,48.6,0.291,83.6,"Rain, Partially cloudy"
Istanbul,2023-04-08,49.2,0.0,80.5,Partially cloudy
Istanbul,2023-04-09,50.7,0.001,81.1,"Rain, Partially cloudy"
Istanbul,2023-04-10,49.3,0.319,89.2,"Rain, Partially cloudy"
Istanbul,2023-04-11,49.2,0.396,90.4,"Rain, Partially cloudy"
Istanbul,2023-04-12,50.4,0.554,91.0,"Rain, Partially cloudy"
Istanbul,2023-04-13,56.2,0.218,73.1,"Rain, Partially cloudy"
Istanbul,2023-04-14,62.3,0.0,57.1,Partially cloudy
Istanbul,2023-04-15,64.7,0.0,57.5,Partially cloudy
Istanbul,2023-04-16,63.1,0.0,62.3,Partially cloudy
Istanbul,2023-04-17,58.2,0.005,78.6,"Rain, Partially cloudy"
Istanbul,2023-04-18,53.4,0.061,88.9,"Rain, Partially cloudy"
Istanbul,2023-04-19,53.9,0.144,89.1,"Rain, Partially cloudy"
Istanbul,2023-04-20,54.7,0.035,85.4,"Rain, Partially cloudy"
Istanbul,2023-04-21,56.5,0.585,82.6,"Rain, Partially cloudy"
Istanbul,2023-04-22,56.5,0.002,67.6,"Rain, Partially cloudy"
Istanbul,2023-04-23,53.3,0.0,78.4,Partially cloudy
Istanbul,2023-04-24,54.1,0.0,75.6,Partially cloudy
Istanbul,2023-04-25,60.6,0.015,64.9,"Rain, Partially cloudy"
Istanbul,2023-04-26,58.9,0.479,81.9,"Rain, Partially cloudy"
Istanbul,2023-04-27,52.1,1.005,89.4,"Rain, Partially cloudy"
Istanbul,2023-04-28,51.9,0.32,67.2,"Rain, Partially cloudy"
Istanbul,2023-04-29,53.0,0.0,61.3,Partially cloudy
Istanbul,2023-04-30,56.3,0.0,65.1,Partially cloudy
Istanbul,2023-05-01,58.4,0.0,65.5,Clear
Istanbul,2023-05-02,59.1,0.003,50.1,Rain
Istanbul,2023-05-03,59.8,0.001,60.6,"Rain, Partially cloudy"
Istanbul,2023-05-04,57.7,0.224,86.1,"Rain, Partially cloudy"
Istanbul,2023-05-05,55.6,0.001,84.8,"Rain, Partially cloudy"
Istanbul,2023-05-06,56.2,0.096,85.0,"Rain, Partially cloudy"
Istanbul,2023-05-07,57.7,0.004,82.8,"Rain, Partially cloudy"
Istanbul,2023-05-08,57.0,0.0,79.3,Partially cloudy
Istanbul,2023-05-09,56.1,0.002,79.1,"Rain, Partially cloudy"
Istanbul,2023-05-10,55.3,0.0,75.9,Partially cloudy
Istanbul,2023-05-11,55.1,0.0,76.0,Partially cloudy
Istanbul,2023-05-12,54.5,0.0,81.4,Partially cloudy
Istanbul,2023-05-13,57.0,0.0,75.0,Partially cloudy
Istanbul,2023-05-14,58.1,0.0,64.7,Partially cloudy
Istanbul,2023-05-15,63.5,0.0,59.1,Partially cloudy
Istanbul,2023-05-16,66.6,0.003,64.0,"Rain, Partially cloudy"
Istanbul,2023-05-17,61.7,0.31,87.9,"Rain, Partially cloudy"
Istanbul,2023-05-18,58.2,0.376,91.6,"Rain, Partially cloudy"
Istanbul,2023-05-19,59.2,0.478,89.9,"Rain, Partially cloudy"
Istanbul,2023-05-20,61.6,0.019,84.6,"Rain, Partially cloudy"
Istanbul,2023-05-21,62.0,0.002,82.8,"Rain, Partially cloudy"
Istanbul,2023-05-22,62.5,0.001,78.7,"Rain, Partially cloudy"
Istanbul,2023-05-23,62.0,0.005,83.3,"Rain, Partially cloudy"
Istanbul,2023-05-24,62.2,0.006,83.0,"Rain, Partially cloudy"
Istanbul,2023-05-25,63.4,0.0,82.2,Partially cloudy
Istanbul,2023-05-26,65.1,0.0,80.0,Partially cloudy
Istanbul,2023-05-27,65.6,0.0,78.8,Partially cloudy
Istanbul,2023-05-28,64.1,0.002,86.6,"Rain, Partially cloudy"
Istanbul,2023-05-29,65.0,0.054,87.7,"Rain, Partially cloudy"
Istanbul,2023-05-30,67.4,0.0,84.5,Partially cloudy
Istanbul,2023-05-31,68.4,0.0,75.7,Partially cloudy
Istanbul,2023-06-01,68.6,0.0,67.0,Partially cloudy
Istanbul,2023-06-02,69.4,0.0,63.8,Partially cloudy
Istanbul,2023-06-03,68.5,0.016,77.7,"Rain, Partially cloudy"
Istanbul,2023-06-04,66.0,0.298,88.3,"Rain, Partially cloudy"
Istanbul,2023-06-05,66.6,0.021,77.0,"Rain, Partially cloudy"
Istanbul,2023-06-06,67.6,0.0,77.7,Partially cloudy
Istanbul,2023-06-07,67.4,0.0,77.9,Partially cloudy
Istanbul,2023-06-08,68.7,0.0,76.0,Partially cloudy
Istanbul,2023-06-09,68.8,0.0,77.1,Partially cloudy
Istanbul,2023-06-10,68.9,0.0,76.0,Partially cloudy
Istanbul,2023-06-11,70.2,0.0,72.0,Partially cloudy
Istanbul,2023-06-12,68.9,0.005,79.0,"Rain, Partially cloudy"
Istanbul,2023-06-13,67.5,0.014,74.0,"Rain, Partially cloudy"
Istanbul,2023-06-14,68.8,0.015,81.3,"Rain, Partially cloudy"
Istanbul,2023-06-15,70.7,0.0,78.3,Partially cloudy
Istanbul,2023-06-16,72.7,0.0,72.2,Partially cloudy
Istanbul,2023-06-17,71.9,0.233,82.2,"Rain, Partially cloudy"
Istanbul,2023-06-18,72.7,0.066,78.3,"Rain, Partially cloudy"
Istanbul,2023-06-19,73.0,0.052,79.1,"Rain, Partially cloudy"
Istanbul,2023-06-20,72.7,0.0,76.5,Partially cloudy
Istanbul,2023-06-21,72.8,0.0,76.6,Partially cloudy
Istanbul,2023-06-22,74.6,0.0,72.8,Clear
Istanbul,2023-06-23,75.7,0.0,70.0,Partially cloudy
Istanbul,2023-06-24,76.2,0.0,64.9,Clear
Istanbul,2023-06-25,74.5,0.0,73.1,Clear
Istanbul,2023-06-26,74.2,0.0,76.3,Partially cloudy
Istanbul,2023-06-27,76.8,0.011,67.9,"Rain, Partially cloudy"
Istanbul,2023-06-28,76.4,0.0,66.7,Clear
Istanbul,2023-06-29,70.6,0.004,70.7,"Rain, Partially cloudy"
Istanbul,2023-06-30,72.0,0.004,63.5,Rain
Istanbul,2023-07-01,75.1,0.0,52.9,Clear
Istanbul,2023-07-02,77.8,0.0,53.9,Clear
Istanbul,2023-07-03,78.6,0.0,62.9,Partially cloudy
Istanbul,2023-07-04,78.2,0.0,74.0,Partially cloudy
Istanbul,2023-07-05,77.5,0.0,77.3,Partially cloudy
Istanbul,2023-07-06,79.7,0.0,72.1,Partially cloudy
Istanbul,2023-07-07,79.9,0.0,68.8,Partially cloudy
Istanbul,2023-07-08,75.4,0.65,72.9,"Rain, Partially cloudy"
Istanbul,2023-07-09,72.5,0.206,60.3,"Rain, Partially cloudy"
Istanbul,2023-07-10,75.1,0.0,61.6,Clear
Istanbul,2023-07-11,77.5,0.0,64.6,Partially cloudy
Istanbul,2023-07-12,79.7,0.0,67.3,Clear
Istanbul,2023-07-13,82.5,0.0,61.0,Clear
Istanbul,2023-07-14,84.1,0.0,61.4,Clear
Istanbul,2023-07-15,80.9,0.0,62.4,Clear
Istanbul,2023-07-16,77.9,0.0,66.0,Clear
Istanbul,2023-07-17,77.9,0.0,68.5,Clear
Istanbul,2023-07-18,77.9,0.0,63.7,Clear
Istanbul,2023-07-19,78.2,0.0,66.9,Clear
Istanbul,2023-07-20,81.0,0.0,57.9,Clear
Istanbul,2023-07-21,81.7,0.0,68.2,Partially cloudy
Istanbul,2023-07-22,81.8,0.0,71.3,Clear
Istanbul,2023-07-23,83.9,0.0,63.9,Clear
Istanbul,2023-07-24,80.3,0.0,65.1,Partially cloudy
Istanbul,2023-07-25,80.8,0.0,53.0,Clear
Istanbul,2023-07-26,88.2,0.0,43.2,Clear
Istanbul,2023-07-27,78.6,0.037,61.3,"Rain, Partially cloudy"
Istanbul,2023-07-28,73.7,0.027,61.4,"Rain, Partially cloudy"
Istanbul,2023-07-29,74.9,0.0,57.5,Clear
Istanbul,2023-07-30,75.4,0.0,62.5,Clear
Istanbul,2023-07-31,76.0,0.0,66.7,Partially cloudy
Istanbul,2023-08-01,77.0,0.0,71.7,Partially cloudy
Istanbul,2023-08-02,78.4,0.0,68.3,Clear
Istanbul,2023-08-03,84.0,0.0,55.0,Clear
Istanbul,2023-08-04,85.2,0.0,50.9,Clear
Istanbul,2023-08-05,81.1,0.0,72.3,Clear
Istanbul,2023-08-06,83.6,0.0,64.1,Clear
Istanbul,2023-08-07,80.7,0.0,65.1,Clear
Istanbul,2023-08-08,77.1,0.0,71.8,Partially cloudy
Istanbul,2023-08-09,74.3,0.0,67.8,Partially cloudy
Istanbul,2023-08-10,75.4,0.0,72.5,Partially cloudy
Istanbul,2023-08-11,75.2,0.628,71.1,"Rain, Partially cloudy"
Istanbul,2023-08-12,76.3,0.0,67.3,Partially cloudy
Istanbul,2023-08-13,77.3,0.0,74.4,Partially cloudy
Istanbul,2023-08-14,78.5,0.002,81.0,"Rain, Partially cloudy"
Istanbul,2023-08-15,78.1,0.0,84.3,Partially cloudy
Istanbul,2023-08-16,78.1,0.0,82.5,Partially cloudy
Istanbul,2023-08-17,80.1,0.0,78.0,Partially cloudy
Istanbul,2023-08-18,79.6,0.0,78.3,Partially cloudy
Istanbul,2023-08-19,79.8,0.0,75.5,Partially cloudy
Istanbul,2023-08-20,80.3,0.0,73.9,Partially cloudy
Istanbul,2023-08-21,80.3,0.0,75.8,Partially cloudy
Istanbul,2023-08-22,81.4,0.0,71.0,Clear
Istanbul,2023-08-23,81.1,0.0,74.6,Partially cloudy
Istanbul,2023-08-24,80.2,0.0,74.6,Partially cloudy
Istanbul,2023-08-25,79.8,0.0,71.4,Clear
Istanbul,2023-08-26,80.2,0.0,66.0,Clear
Istanbul,2023-08-27,78.2,0.0,71.4,Partially cloudy
Istanbul,2023-08-28,78.0,0.0,71.2,Partially cloudy
Istanbul,2023-08-29,79.7,0.0,72.9,Clear
Istanbul,2023-08-30,80.0,0.0,73.1,Clear
Istanbul,2023-08-31,81.8,0.0,64.6,Clear
Istanbul,2023-09-01,79.0,0.0,69.5,Partially cloudy
Istanbul,2023-09-02,79.1,0.0,72.1,Partially cloudy
Istanbul,2023-09-03,78.3,0.008,66.4,"Rain, Partially cloudy"
Istanbul,2023-09-04,76.2,0.0,62.9,Partially cloudy
Istanbul,2023-09-05,76.4,0.04,71.6,"Rain, Partially cloudy"
Istanbul,2023-09-06,77.1,0.006,72.2,"Rain, Partially cloudy"
Istanbul,2023-09-07,77.5,0.0,68.9,Partially cloudy
Istanbul,2023-09-08,76.9,0.0,62.8,Partially cloudy
Istanbul,2023-09-09,74.3,0.0,60.2,Partially cloudy
Istanbul,2023-09-10,73.5,0.061,61.9,"Rain, Partially cloudy"
Istanbul,2023-09-11,71.7,0.0,60.5,Partially cloudy
Istanbul,2023-09-12,71.8,0.0,62.6,Partially cloudy
Istanbul,2023-09-13,71.9,0.0,63.7,Clear
Istanbul,2023-09-14,72.2,0.0,62.5,Clear
Istanbul,2023-09-15,71.6,0.0,71.5,Clear
Istanbul,2023-09-16,73.1,0.0,73.2,Partially cloudy
Istanbul,2023-09-17,73.8,0.0,70.4,Partially cloudy
Istanbul,2023-09-18,71.7,0.0,60.7,Partially cloudy
Istanbul,2023-09-19,72.5,0.0,61.6,Partially cloudy
Istanbul,2023-09-20,70.3,0.0,69.2,Partially cloudy
Istanbul,2023-09-21,70.2,0.0,70.9,Clear
Istanbul,2023-09-22,71.2,0.0,62.1,Clear
Istanbul,2023-09-23,75.8,0.0,52.4,Clear
Istanbul,2023-09-24,75.0,0.0,52.9,Clear
Istanbul,2023-09-25,74.2,0.0,74.6,Partially cloudy
Istanbul,2023-09-26,74.3,0.0,73.8,Partially cloudy
Istanbul,2023-09-27,73.2,0.0,75.4,Partially cloudy
Istanbul,2023-09-28,72.0,0.007,80.8,"Rain, Partially cloudy"
Istanbul,2023-09-29,70.2,0.366,84.8,"Rain, Partially cloudy"
Istanbul,2023-09-30,69.9,0.054,82.4,"Rain, Partially cloudy"
Istanbul,2023-10-01,66.8,0.756,90.0,"Rain, Partially cloudy"
Istanbul,2023-10-02,67.7,0.825,73.1,"Rain, Partially cloudy"
Istanbul,2023-10-03,67.1,0.002,65.1,"Rain, Partially cloudy"
Istanbul,2023-10-04,66.4,0.009,65.0,Rain
Istanbul,2023-10-05,66.0,0.0,70.2,Partially cloudy
Istanbul,2023-10-06,66.9,0.0,74.8,Partially cloudy
Istanbul,2023-10-07,68.7,0.0,69.4,Partially cloudy
Istanbul,2023-10-08,67.4,0.0,73.9,Clear
Istanbul,2023-10-09,63.9,0.0,68.7,Partially cloudy
Istanbul,2023-10-10,62.0,0.0,68.6,Partially cloudy
Istanbul,2023-10-11,61.7,0.01,66.4,"Rain, Partially cloudy"
Istanbul,2023-10-12,64.3,0.0,71.2,Partially cloudy
Istanbul,2023-10-13,63.4,0.0,78.8,Clear
Istanbul,2023-10-14,65.6,0.0,76.1,Clear
Istanbul,2023-10-15,64.8,0.0,81.6,Clear
Istanbul,2023-10-16,61.6,0.027,82.0,"Rain, Partially cloudy"
Istanbul,2023-10-17,60.9,0.084,68.2,"Rain, Partially cloudy"
Istanbul,2023-10-18,60.0,0.326,82.2,"Rain, Partially cloudy"
Istanbul,2023-10-19,60.7,0.002,83.6,"Rain, Partially cloudy"
Istanbul,2023-10-20,66.5,0.0,73.7,Clear
Istanbul,2023-10-21,70.2,0.0,70.7,Clear
Istanbul,2023-10-22,68.6,0.002,72.2,Rain
Istanbul,2023-10-23,68.9,0.0,69.7,Partially cloudy
Istanbul,2023-10-24,65.8,0.0,84.5,Clear
Istanbul,2023-10-25,67.3,0.0,81.7,Partially cloudy
Istanbul,2023-10-26,72.2,0.0,62.5,Partially cloudy
Istanbul,2023-10-27,71.4,0.002,68.4,"Rain, Partially cloudy"
Istanbul,2023-10-28,73.1,0.0,69.0,Partially cloudy
Istanbul,2023-10-29,69.4,0.0,81.4,Partially cloudy
Istanbul,2023-10-30,68.1,0.0,83.5,Partially cloudy
Istanbul,2023-10-31,66.9,0.0,86.1,Partially cloudy
Istanbul,2023-11-01,68.4,0.002,80.2,"Rain, Partially cloudy"
Istanbul,2023-11-02,64.3,0.209,84.7,"Rain, Partially cloudy"
Istanbul,2023-11-03,66.5,0.408,82.2,"Rain, Partially cloudy"
Istanbul,2023-11-04,74.9,0.0,53.6,Partially cloudy
Istanbul,2023-11-05,67.1,0.352,74.4,"Rain, Partially cloudy"
Istanbul,2023-11-06,69.9,0.0,73.4,Partially cloudy
Istanbul,2023-11-07,66.7,0.0,80.4,Partially cloudy
Istanbul,2023-11-08,65.9,0.0,82.9,Partially cloudy
Istanbul,2023-11-09,58.8,0.291,79.3,"Rain, Partially cloudy"
Istanbul,2023-11-10,58.4,0.014,76.7,"Rain, Partially cloudy"
Istanbul,2023-11-11,65.6,0.127,77.8,"Rain, Partially cloudy"
Istanbul,2023-11-12,63.1,1.002,70.2,"Rain, Partially cloudy"
Istanbul,2023-11-13,59.3,0.555,90.0,"Rain, Partially cloudy"
Istanbul,2023-11-14,55.4,0.309,77.7,Rain
Istanbul,2023-11-15,63.3,0.0,68.6,Partially cloudy
Istanbul,2023-11-16,56.9,0.398,79.5,"Rain, Partially cloudy"
Istanbul,2023-11-17,57.4,0.002,70.3,"Rain, Partially cloudy"
Istanbul,2023-11-18,53.4,1.239,82.1,"Rain, Partially cloudy"
Istanbul,2023-11-19,41.9,1.46,83.1,"Rain, Partially cloudy"
Istanbul,2023-11-20,51.4,0.0,72.4,Partially cloudy
Istanbul,2023-11-21,57.8,0.0,70.5,Partially cloudy
Istanbul,2023-11-22,62.5,0.106,71.2,"Rain, Partially cloudy"
Istanbul,2023-11-23,56.1,0.637,91.1,"Rain, Partially cloudy"
Istanbul,2023-11-24,59.9,0.007,87.5,"Rain, Partially cloudy"
Istanbul,2023-11-25,62.8,0.006,67.4,"Rain, Partially cloudy"
Istanbul,2023-11-26,48.1,0.121,71.0,"Rain, Partially cloudy"
Istanbul,2023-11-27,40.9,0.0,55.1,Partially cloudy
Istanbul,2023-11-28,51.6,0.013,61.9,"Rain, Partially cloudy"
Istanbul,2023-11-29,58.2,1.654,85.0,"Rain, Partially cloudy"
Istanbul,2023-11-30,52.0,2.712,85.9,"Rain, Partially cloudy"
Istanbul,2023-12-01,59.8,0.0,84.6,Partially cloudy
Istanbul,2023-12-02,64.2,0.0,70.3,Partially cloudy
Istanbul,2023-12-03,65.2,0.002,65.0,"Rain, Partially cloudy"
Istanbul,2023-12-04,50.4,0.367,89.7,"Rain, Partially cloudy"
Istanbul,2023-12-05,50.1,0.065,87.6,"Rain, Partially cloudy"
Istanbul,2023-12-06,51.1,0.023,85.2,"Rain, Partially cloudy"
Istanbul,2023-12-07,51.5,0.27,95.0,"Rain, Overcast"
Istanbul,2023-12-08,46.0,0.471,90.9,"Rain, Overcast"
Istanbul,2023-12-09,43.1,0.531,91.0,"Rain, Overcast"
Istanbul,2023-12-10,44.9,0.132,86.1,"Rain, Partially cloudy"
Istanbul,2023-12-11,48.8,0.002,87.7,"Rain, Partially cloudy"
Istanbul,2023-12-12,50.3,0.0,87.7,Partially cloudy
Istanbul,2023-12-13,52.0,0.0,82.9,Partially cloudy
Istanbul,2023-12-14,58.9,0.0,70.4,Partially cloudy
Istanbul,2023-12-15,54.3,0.0,81.1,Partially cloudy
Istanbul,2023-12-16,47.2,0.333,91.3,"Rain, Partially cloudy"
Istanbul,2023-12-17,44.2,0.417,75.4,"Rain, Partially cloudy"
Istanbul,2023-12-18,43.3,0.0,81.0,Clear
Istanbul,2023-12-19,45.9,0.0,83.8,Clear
Istanbul,2023-12-20,48.1,0.0,83.7,Clear
Istanbul,2023-12-21,52.3,0.019,81.7,"Rain, Partially cloudy"
Istanbul,2023-12-22,50.7,0.318,88.9,"Rain, Partially cloudy"
Istanbul,2023-12-23,51.8,0.242,67.2,"Rain, Partially cloudy"
Istanbul,2023-12-24,54.0,0.009,67.4,"Rain, Partially cloudy"
Istanbul,2023-12-25,58.0,0.0,75.4,Clear
Istanbul,2023-12-26,57.9,0.0,79.5,Clear
Istanbul,2023-12-27,57.6,0.0,81.7,Partially cloudy
Istanbul,2023-12-28,50.6,0.0,82.4,Clear
Istanbul,2023-12-29,50.0,0.0,85.4,Clear
Istanbul,2023-12-30,52.3,0.0,83.2,Partially cloudy
Istanbul,2023-12-31,54.2,0.0,85.1,Partially cloudy
Istanbul,2024-01-01,55.3,0.0,76.7,Partially cloudy
Istanbul,2024-01-02,54.2,0.192,84.7,"Rain, Partially cloudy"
Istanbul,2024-01-03,53.1,0.125,87.5,"Rain, Partially cloudy"
Istanbul,2024-01-04,56.0,0.008,81.7,"Rain, Partially cloudy"
Istanbul,2024-01-05,54.2,0.007,73.5,Rain
Istanbul,2024-01-06,54.9,0.0,62.5,Partially cloudy
Istanbul,2024-01-07,55.4,0.444,71.8,"Rain, Partially cloudy"
Istanbul,2024-01-08,54.2,0.34,77.0,"Rain, Partially cloudy"
Istanbul,2024-01-09,40.2,0.453,90.2,"Rain, Overcast"
Istanbul,2024-01-10,40.5,0.874,86.2,"Rain, Partially cloudy"
Istanbul,2024-01-11,39.9,0.112,76.3,"Rain, Partially cloudy"
Istanbul,2024-01-12,39.0,0.019,73.9,"Rain, Partially cloudy"
Istanbul,2024-01-13,35.9,0.003,66.5,"Snow, Rain, Partially cloudy"
Istanbul,2024-01-14,38.1,0.0,70.0,Partially cloudy
Istanbul,2024-01-15,49.7,0.0,64.6,Partially cloudy
Istanbul,2024-01-16,50.6,0.328,81.2,"Rain, Partially cloudy"
Istanbul,2024-01-17,47.4,0.005,82.6,"Rain, Partially cloudy"
Istanbul,2024-01-18,55.0,0.019,77.5,"Rain, Partially cloudy"
Istanbul,2024-01-19,59.0,0.049,75.1,"Rain, Partially cloudy"
Istanbul,2024-01-20,46.9,0.345,90.0,"Rain, Partially cloudy"
Istanbul,2024-01-21,42.0,0.737,77.8,"Rain, Partially cloudy"
Istanbul,2024-01-22,41.9,0.043,69.2,"Rain, Partially cloudy"
Istanbul,2024-01-23,41.3,0.0,65.8,Partially cloudy
Istanbul,2024-01-24,42.3,0.009,78.2,"Rain, Partially cloudy"
Beirut,2024-01-25,58.7,0.216,77.6,"Rain, Partially cloudy"
Beirut,2024-01-26,56.1,1.976,83.5,"Rain, Partially cloudy"
Beirut,2024-01-27,54.3,0.245,65.5,"Rain, Partially cloudy"
Beirut,2024-01-28,54.5,0.136,66.0,"Rain, Partially cloudy"
Beirut,2024-01-29,54.9,0.441,69.1,"Rain, Partially cloudy"
Beirut,2024-01-30,53.8,0.483,69.5,"Rain, Partially cloudy"
Beirut,2024-01-31,53.8,0.08,61.1,"Rain, Partially cloudy"
Beirut,2024-02-01,53.0,0.25,67.5,"Rain, Partially cloudy"
Beirut,2024-02-02,54.5,0.064,68.9,"Rain, Partially cloudy"
Beirut,2024-02-03,55.9,0.188,73.1,"Rain, Partially cloudy"
Beirut,2024-02-04,55.7,0.2,79.5,"Rain, Partially cloudy"
Beirut,2024-02-05,56.7,0.957,82.5,"Rain, Partially cloudy"
Beirut,2024-02-06,60.5,0.02,72.3,"Rain, Partially cloudy"
Beirut,2024-02-07,61.4,0.0,73.4,Partially cloudy
Beirut,2024-02-08,61.9,0.0,60.9,Partially cloudy
Beirut,2024-02-09,61.3,0.052,67.0,"Rain, Partially cloudy"
Beirut,2024-02-10,61.2,0.02,66.1,"Rain, Partially cloudy"
Beirut,2024-02-11,61.0,0.0,65.5,Partially cloudy
Beirut,2024-02-12,63.5,0.0,53.5,Partially cloudy
Beirut,2024-02-13,66.2,0.004,54.2,"Rain, Partially cloudy"
Beirut,2024-02-14,60.7,0.155,75.1,"Rain, Partially cloudy"
Beirut,2024-02-15,56.6,0.197,79.5,"Rain, Partially cloudy"
Beirut,2024-02-16,57.1,0.136,66.2,"Rain, Partially cloudy"
Beirut,2024-02-17,56.8,0.204,79.8,"Rain, Partially cloudy"
Beirut,2024-02-18,58.1,0.248,79.8,"Rain, Partially cloudy"
Beirut,2024-02-19,57.6,0.362,78.4,"Rain, Partially cloudy"
Beirut,2024-02-20,58.8,0.028,65.3,"Rain, Partially cloudy"
Istanbul,2024-02-20,45.0,0.0,70.3,Partially cloudy
Istanbul,2024-02-21,44.4,0.0,74.8,Partially cloudy
Istanbul,2024-02-22,46.7,0.0,72.2,Clear
Istanbul,2024-02-23,52.7,0.0,67.2,Partially cloudy
Istanbul,2024-02-24,57.7,0.0,68.0,Partially cloudy
Istanbul,2024-02-25,57.6,0.0,62.5,Partially cloudy
Istanbul,2024-02-26,54.2,0.0,68.8,Partially cloudy
Istanbul,2024-02-27,49.0,0.0,79.8,Partially cloudy
Istanbul,2024-02-28,48.8,0.0,82.4,Partially cloudy
Istanbul,2024-02-29,49.3,0.0,82.4,Partially cloudy
Istanbul,2024-03-01,49.4,0.0,83.9,Partially cloudy
Istanbul,2024-03-02,50.3,0.0,85.8,Partially cloudy
Istanbul,2024-03-03,50.4,0.0,82.9,Partially cloudy
Istanbul,2024-03-04,51.1,0.0,80.0,Partially cloudy
Istanbul,2024-03-05,51.2,0.001,81.3,"Rain, Partially cloudy"
Istanbul,2024-03-06,48.4,0.088,80.7,"Rain, Partially cloudy"
Istanbul,2024-03-07,47.3,0.024,73.5,"Rain, Partially cloudy"
Istanbul,2024-03-08,45.0,0.137,84.5,"Rain, Partially cloudy"
Istanbul,2024-03-09,45.0,0.201,87.8,"Rain, Partially cloudy"
Istanbul,2024-03-10,45.5,0.002,81.5,"Rain, Partially cloudy"
Istanbul,2024-03-11,53.8,0.0,63.6,Partially cloudy
Istanbul,2024-03-12,56.3,0.069,66.0,"Rain, Partially cloudy"
Istanbul,2024-03-13,52.5,0.481,85.2,"Rain, Partially cloudy"
Istanbul,2024-03-14,51.3,0.125,86.6,"Rain, Partially cloudy"
Istanbul,2024-03-15,47.9,0.191,87.0,"Rain, Partially cloudy"
Istanbul,2024-03-16,48.4,0.0,78.9,Partially cloudy
Istanbul,2024-03-17,49.2,0.0,71.5,Partially cloudy
Istanbul,2024-03-18,48.7,0.0,73.8,Clear
Istanbul,2024-03-19,51.3,0.0,74.4,Partially cloudy
Istanbul,2024-03-20,45.8,0.126,79.8,"Rain, Partially cloudy"
Istanbul,2024-03-21,45.0,0.042,77.0,"Rain, Partially cloudy"
Istanbul,2024-03-22,45.0,0.128,81.2,"Rain, Partially cloudy"
Istanbul,2024-03-23,46.0,0.011,77.1,Rain
Istanbul,2024-03-24,51.8,0.0,65.5,Clear
Istanbul,2024-03-25,51.9,0.379,76.3,"Rain, Partially cloudy"
Istanbul,2024-03-26,51.1,0.095,69.8,"Rain, Partially cloudy"
Istanbul,2024-03-27,58.7,0.036,64.0,"Rain, Partially cloudy"
Istanbul,2024-03-28,64.8,0.004,50.4,"Rain, Partially cloudy"
Istanbul,2024-03-29,60.0,0.0,67.0,Clear
Istanbul,2024-03-30,63.4,0.0,60.8,Partially cloudy
Istanbul,2024-03-31,62.7,0.0,67.8,Partially cloudy
Istanbul,2024-04-01,64.3,0.0,63.3,Partially cloudy
Istanbul,2024-04-02,67.0,0.0,54.6,Partially cloudy
Istanbul,2024-04-03,63.9,0.0,46.0,Partially cloudy
Istanbul,2024-04-04,61.7,0.0,45.8,Partially cloudy
Istanbul,2024-04-05,59.2,0.0,64.0,Partially cloudy
Istanbul,2024-04-06,60.4,0.0,57.1,Partially cloudy
Istanbul,2024-04-07,58.7,0.066,63.7,"Rain, Partially cloudy"
Istanbul,2024-04-08,57.7,0.005,73.4,"Rain, Partially cloudy"
Istanbul,2024-04-09,58.7,0.0,76.3,Partially cloudy
Istanbul,2024-04-10,57.1,0.0,79.5,Partially cloudy
Antalya,2024-04-10,65.6,0.0,82.3,Partially cloudy
Antalya,2024-04-11,66.5,0.0,87.7,Partially cloudy
Antalya,2024-04-12,66.5,0.0,89.5,Partially cloudy
Antalya,2024-04-13,72.7,0.0,62.6,Partially cloudy
Antalya,2024-04-14,77.4,0.0,33.8,Partially cloudy
Antalya,2024-04-15,75.2,0.0,39.0,Clear
Istanbul,2024-04-15,65.1,0.0,63.1,Clear
Istanbul,2024-04-16,69.6,0.0,53.4,Partially cloudy
Istanbul,2024-04-17,71.1,0.0,44.8,Partially cloudy
Istanbul,2024-04-18,64.4,0.0,65.1,Partially cloudy
Istanbul,2024-04-19,56.2,0.141,85.5,"Rain, Partially cloudy"
Istanbul,2024-04-20,55.1,0.853,89.3,"Rain, Partially cloudy"
Istanbul,2024-04-21,56.9,0.293,69.4,"Rain, Partially cloudy"
Istanbul,2024-04-22,61.4,0.0,66.7,Partially cloudy
Istanbul,2024-04-23,64.6,0.008,60.6,"Rain, Partially cloudy"
Istanbul,2024-04-24,68.1,0.0,63.6,Partially cloudy
Istanbul,2024-04-25,66.2,0.0,78.2,Partially cloudy
Istanbul,2024-04-26,63.1,0.0,78.3,Partially cloudy
Istanbul,2024-04-27,59.7,0.0,74.6,Partially cloudy
Istanbul,2024-04-28,57.9,0.239,88.0,"Rain, Partially cloudy"
Istanbul,2024-04-29,57.7,0.0,87.0,Partially cloudy
Istanbul,2024-04-30,59.7,0.024,87.1,"Rain, Partially cloudy"
Istanbul,2024-05-01,58.1,0.156,86.3,"Rain, Partially cloudy"
Istanbul,2024-05-02,57.8,0.001,85.9,"Rain, Partially cloudy"
Istanbul,2024-05-03,59.5,0.054,83.0,"Rain, Partially cloudy"
Istanbul,2024-05-04,57.2,0.558,86.3,"Rain, Partially cloudy"
Istanbul,2024-05-05,58.6,0.0,69.5,Partially cloudy
Istanbul,2024-05-06,57.0,0.0,65.3,Clear
Istanbul,2024-05-07,62.7,0.0,62.5,Clear
Istanbul,2024-05-08,65.4,0.0,68.3,Partially cloudy
Istanbul,2024-05-09,60.1,0.0,84.8,Partially cloudy
Beirut,2024-05-09,75.4,0.0,45.3,Clear
Beirut,2024-05-10,80.2,0.0,39.2,Clear
Beirut,2024-05-11,74.3,0.0,63.6,Partially cloudy
Beirut,2024-05-12,70.6,0.132,66.4,"Rain, Partially cloudy"
Beirut,2024-05-13,69.6,0.877,66.3,"Rain, Partially cloudy"
Beirut,2024-05-14,70.8,0.0,65.9,Partially cloudy
Beirut,2024-05-15,70.1,0.02,69.5,"Rain, Partially cloudy"
Beirut,2024-05-16,70.5,0.0,70.6,Partially cloudy
Istanbul,2024-05-16,59.4,0.0,65.1,Partially cloudy
Istanbul,2024-05-17,62.6,0.002,61.9,"Rain, Partially cloudy"
Istanbul,2024-05-18,63.8,0.0,71.1,Clear
Istanbul,2024-05-19,63.8,0.002,69.5,"Rain, Partially cloudy"
Istanbul,2024-05-20,63.8,0.004,74.2,"Rain, Partially cloudy"
Istanbul,2024-05-21,63.8,0.0,76.5,Partially cloudy
Istanbul,2024-05-22,66.3,0.0,74.6,Partially cloudy
Istanbul,2024-05-23,65.4,0.006,73.3,"Rain, Partially cloudy"
Istanbul,2024-05-24,64.4,0.272,79.3,"Rain, Partially cloudy"
Istanbul,2024-05-25,66.9,0.0,77.8,Partially cloudy
Istanbul,2024-05-26,66.1,0.0,71.5,Partially cloudy
Istanbul,2024-05-27,63.8,0.0,67.0,Partially cloudy
Istanbul,2024-05-28,63.6,0.0,71.7,Partially cloudy
Istanbul,2024-05-29,68.1,0.0,61.9,Clear
Istanbul,2024-05-30,70.5,0.0,64.5,Clear
Istanbul,2024-05-31,73.4,0.0,58.4,Clear
Istanbul,2024-06-01,75.6,0.0,55.8,Clear
Istanbul,2024-06-02,77.5,0.0,51.8,Clear
Istanbul,2024-06-03,80.4,0.0,51.5,Clear
Istanbul,2024-06-04,79.8,0.0,56.4,Clear
Istanbul,2024-06-05,80.7,0.0,55.1,Clear
Istanbul,2024-06-06,78.5,0.0,56.5,Partially cloudy
Istanbul,2024-06-07,77.3,0.0,63.4,Partially cloudy
Istanbul,2024-06-08,76.0,0.0,67.3,Partially cloudy
Istanbul,2024-06-09,76.8,0.0,65.9,Clear
Istanbul,2024-06-10,76.9,0.0,68.1,Partially cloudy
Istanbul,2024-06-11,82.4,0.0,55.8,Clear
Istanbul,2024-06-12,83.0,0.0,59.5,Clear
Istanbul,2024-06-13,82.0,0.0,65.2,Partially cloudy
Istanbul,2024-06-14,78.7,0.114,68.5,"Rain, Partially cloudy"
Istanbul,2024-06-15,72.3,0.142,67.3,"Rain, Partially cloudy"
Istanbul,2024-06-16,76.0,0.0,54.5,Clear
Istanbul,2024-06-17,78.4,0.0,49.3,Clear
Istanbul,2024-06-18,77.9,0.0,61.8,Clear
Istanbul,2024-06-19,77.8,0.0,66.3,Clear
Istanbul,2024-06-20,78.7,0.0,67.3,Clear
Istanbul,2024-06-21,78.9,0.0,69.2,Clear
Istanbul,2024-06-22,76.1,0.0,67.0,Partially cloudy
Istanbul,2024-06-23,76.0,0.0,63.6,Clear
Istanbul,2024-06-24,76.2,0.0,70.6,Partially cloudy
Istanbul,2024-06-25,77.2,0.0,70.7,Partially cloudy
Istanbul,2024-06-26,76.8,0.0,64.2,Clear
Istanbul,2024-06-27,76.2,0.0,62.4,Clear
Istanbul,2024-06-28,76.1,0.0,67.0,Partially cloudy
Istanbul,2024-06-29,77.8,0.0,65.5,Partially cloudy
Istanbul,2024-06-30,79.1,0.0,63.5,Clear
Istanbul,2024-07-01,78.3,0.0,67.3,Clear
Istanbul,2024-07-02,79.4,0.0,68.2,Clear
Istanbul,2024-07-03,80.4,0.0,61.0,Partially cloudy
Istanbul,2024-07-04,77.2,0.001,74.2,"Rain, Partially cloudy"
Istanbul,2024-07-05,76.1,0.165,70.9,"Rain, Partially cloudy"
Istanbul,2024-07-06,77.4,0.0,68.1,Partially cloudy
Istanbul,2024-07-07,80.2,0.0,65.2,Clear
Istanbul,2024-07-08,81.1,0.0,71.8,Partially cloudy
Istanbul,2024-07-09,83.1,0.0,70.8,Partially cloudy
Istanbul,2024-07-10,83.6,0.0,70.8,Partially cloudy
Istanbul,2024-07-11,80.7,0.025,77.3,"Rain, Partially cloudy"
Istanbul,2024-07-12,81.7,0.0,74.3,Partially cloudy
Istanbul,2024-07-13,82.3,0.0,74.6,Partially cloudy
Istanbul,2024-07-14,82.8,0.0,63.3,Clear
Istanbul,2024-07-15,82.6,0.0,62.5,Partially cloudy
Istanbul,2024-07-16,84.0,0.0,63.7,Partially cloudy
Istanbul,2024-07-17,85.5,0.0,66.6,Partially cloudy
Istanbul,2024-07-18,86.4,0.0,66.3,Clear
Istanbul,2024-07-19,85.0,0.0,71.7,Partially cloudy
Istanbul,2024-07-20,84.9,0.0,68.6,Partially cloudy
Istanbul,2024-07-21,84.5,0.0,63.3,Clear
Istanbul,2024-07-22,85.2,0.0,52.4,Clear
Istanbul,2024-07-23,84.0,0.0,66.1,Partially cloudy
Istanbul,2024-07-24,83.3,0.0,63.5,Partially cloudy
Istanbul,2024-07-25,81.5,0.0,62.6,Partially cloudy
Istanbul,2024-07-26,76.9,0.146,70.9,"Rain, Partially cloudy"
Istanbul,2024-07-27,77.4,0.339,69.1,"Rain, Partially cloudy"
Istanbul,2024-07-28,80.7,0.0,66.6,Partially cloudy
Istanbul,2024-07-29,83.3,0.0,57.5,Clear
Istanbul,2024-07-30,80.5,0.0,64.2,Partially cloudy
Istanbul,2024-07-31,78.3,0.0,55.4,Partially cloudy
Istanbul,2024-08-01,77.8,0.0,60.6,Clear
Istanbul,2024-08-02,78.6,0.0,61.5,Clear
Istanbul,2024-08-03,78.7,0.0,69.2,Clear
Istanbul,2024-08-04,82.3,0.0,52.8,Clear
Istanbul,2024-08-05,80.4,0.0,62.4,Partially cloudy
Istanbul,2024-08-06,79.5,0.0,62.2,Clear
Istanbul,2024-08-07,78.9,0.0,60.3,Partially cloudy
Istanbul,2024-08-08,77.7,0.0,65.0,Partially cloudy
Istanbul,2024-08-09,80.3,0.0,68.1,Partially cloudy
Istanbul,2024-08-10,81.4,0.0,65.5,Partially cloudy
Istanbul,2024-08-11,81.8,0.0,66.5,Partially cloudy
Istanbul,2024-08-12,81.5,0.0,66.4,Partially cloudy
Istanbul,2024-08-13,83.1,0.0,60.0,Clear
Istanbul,2024-08-14,84.5,0.0,54.5,Clear
Istanbul,2024-08-15,81.0,0.0,60.0,Clear
Istanbul,2024-08-16,78.5,0.0,60.1,Clear
Istanbul,2024-08-17,78.3,0.0,56.4,Clear
Istanbul,2024-08-18,78.0,0.0,60.5,Clear
Istanbul,2024-08-19,77.6,0.0,71.2,Clear
Istanbul,2024-08-20,78.8,0.0,70.0,Clear
Istanbul,2024-08-21,78.8,0.019,70.0,"Rain, Partially cloudy"
Istanbul,2024-08-22,79.9,0.001,71.1,Rain
Istanbul,2024-08-23,81.7,0.0,66.6,Clear
Istanbul,2024-08-24,81.1,0.0,63.8,Partially cloudy
Istanbul,2024-08-25,79.4,0.0,62.7,Partially cloudy
Istanbul,2024-08-26,80.9,0.0,66.3,Partially cloudy
Istanbul,2024-08-27,79.8,0.006,63.6,"Rain, Partially cloudy"
Istanbul,2024-08-28,76.7,0.169,69.2,"Rain, Partially cloudy"
Istanbul,2024-08-29,76.8,0.014,68.3,"Rain, Partially cloudy"
Istanbul,2024-08-30,75.1,0.219,74.1,"Rain, Partially cloudy"
Istanbul,2024-08-31,76.1,0.005,72.9,"Rain, Partially cloudy"
Istanbul,2024-09-01,76.4,0.047,76.2,"Rain, Partially cloudy"
Istanbul,2024-09-02,75.7,0.127,75.4,"Rain, Partially cloudy"
Istanbul,2024-09-03,77.1,0.0,72.5,Partially cloudy
Istanbul,2024-09-04,78.1,0.0,73.3,Partially cloudy
Istanbul,2024-09-05,77.5,0.0,61.0,Clear
Istanbul,2024-09-06,76.3,0.0,62.7,Clear
Istanbul,2024-09-07,75.5,0.048,71.9,"Rain, Partially cloudy"
Istanbul,2024-09-08,73.7,0.32,76.7,"Rain, Partially cloudy"
Istanbul,2024-09-09,74.7,0.429,71.2,"Rain, Partially cloudy"
Istanbul,2024-09-10,75.6,0.0,69.8,Partially cloudy
Istanbul,2024-09-11,77.6,0.001,67.5,"Rain, Partially cloudy"
Istanbul,2024-09-12,77.6,0.01,67.0,"Rain, Partially cloudy"
Istanbul,2024-09-13,78.6,0.0,66.2,Clear
Istanbul,2024-09-14,80.9,0.0,58.4,Partially cloudy
Istanbul,2024-09-15,72.6,0.157,75.2,"Rain, Partially cloudy"
Istanbul,2024-09-16,70.3,0.259,70.8,"Rain, Partially cloudy"
Istanbul,2024-09-17,71.4,0.107,67.6,"Rain, Partially cloudy"
Istanbul,2024-09-18,71.7,0.0,66.1,Partially cloudy
Istanbul,2024-09-19,70.8,0.0,64.3,Partially cloudy
Istanbul,2024-09-20,70.8,0.0,70.1,Partially cloudy
Istanbul,2024-09-21,69.3,0.198,70.3,"Rain, Partially cloudy"
Istanbul,2024-09-22,70.1,0.022,59.9,"Rain, Partially cloudy"
Istanbul,2024-09-23,69.3,0.069,72.5,"Rain, Partially cloudy"
Istanbul,2024-09-24,69.6,0.0,74.3,Partially cloudy
Istanbul,2024-09-25,70.9,0.0,67.8,Clear
Istanbul,2024-09-26,71.0,0.0,68.5,Partially cloudy
Istanbul,2024-09-27,71.7,0.0,76.3,Clear
Istanbul,2024-09-28,72.5,0.0,80.2,Partially cloudy
Istanbul,2024-09-29,72.4,0.0,81.1,Partially cloudy
Istanbul,2024-09-30,62.7,0.564,77.8,"Rain, Partially cloudy"
Istanbul,2024-10-01,61.7,0.055,57.5,"Rain, Partially cloudy"
Istanbul,2024-10-02,65.0,0.014,61.7,"Rain, Partially cloudy"
Istanbul,2024-10-03,66.4,0.0,72.5,Clear
Istanbul,2024-10-04,71.5,0.0,62.9,Clear
Istanbul,2024-10-05,74.8,0.0,56.0,Clear
Istanbul,2024-10-06,73.4,0.0,69.7,Partially cloudy
Istanbul,2024-10-07,68.4,0.135,78.3,"Rain, Partially cloudy"
Istanbul,2024-10-08,68.1,0.0,65.0,Clear
Istanbul,2024-10-09,68.6,0.0,69.4,Partially cloudy
Istanbul,2024-10-10,72.1,0.0,69.7,Partially cloudy
Istanbul,2024-10-11,73.7,0.0,69.5,Partially cloudy
Istanbul,2024-10-12,68.5,0.061,77.2,"Rain, Partially cloudy"
Istanbul,2024-10-13,63.2,0.336,78.4,"Rain, Partially cloudy"
Istanbul,2024-10-14,62.7,0.0,75.0,Partially cloudy
Istanbul,2024-10-15,63.8,0.0,73.5,Clear
Istanbul,2024-10-16,62.4,0.006,78.8,"Rain, Partially cloudy"
Istanbul,2024-10-17,58.1,0.051,65.5,"Rain, Partially cloudy"
Istanbul,2024-10-18,56.0,0.028,65.6,"Rain, Partially cloudy"
Istanbul,2024-10-19,55.8,0.117,66.0,"Rain, Partially cloudy"
Istanbul,2024-10-20,55.7,0.012,68.2,"Rain, Partially cloudy"
Istanbul,2024-10-21,56.8,0.0,65.8,Partially cloudy
Istanbul,2024-10-22,57.6,0.0,71.4,Partially cloudy
Istanbul,2024-10-23,58.6,0.0,73.4,Clear
Istanbul,2024-10-24,59.4,0.0,72.2,Partially cloudy
Istanbul,2024-10-25,59.3,0.0,73.3,Partially cloudy
Istanbul,2024-10-26,58.4,0.0,68.6,Partially cloudy
Istanbul,2024-10-27,59.6,0.0,73.0,Clear
Istanbul,2024-10-28,57.2,0.0,81.4,Partially cloudy
Istanbul,2024-10-29,60.2,0.0,78.4,Partially cloudy
Istanbul,2024-10-30,61.0,0.0,67.4,Partially cloudy
Istanbul,2024-10-31,59.0,0.0,67.8,Partially cloudy
Istanbul,2024-11-01,59.1,0.0,74.6,Partially cloudy
Istanbul,2024-11-02,57.6,0.0,84.0,Clear
Istanbul,2024-11-03,56.4,0.01,69.4,"Rain, Partially cloudy"
Istanbul,2024-11-04,52.6,0.0,63.1,Partially cloudy
Istanbul,2024-11-05,53.4,0.006,62.3,"Rain, Partially cloudy"
Istanbul,2024-11-06,53.4,0.0,59.1,Partially cloudy
Istanbul,2024-11-07,55.6,0.0,68.1,Partially cloudy
Istanbul,2024-11-08,57.0,0.0,74.9,Partially cloudy
Istanbul,2024-11-09,55.6,0.0,76.2,Partially cloudy
Istanbul,2024-11-10,52.4,0.092,85.9,"Rain, Partially cloudy"
Istanbul,2024-11-11,56.1,0.003,84.6,"Rain, Partially cloudy"
Istanbul,2024-11-12,57.8,0.0,80.9,Partially cloudy
Istanbul,2024-11-13,56.3,0.025,85.3,"Rain, Partially cloudy"
Istanbul,2024-11-14,56.3,0.003,84.0,"Rain, Partially cloudy"
Istanbul,2024-11-15,53.7,0.16,92.0,"Rain, Partially cloudy"
Istanbul,2024-11-16,50.8,0.122,78.6,"Rain, Partially cloudy"
Istanbul,2024-11-17,53.0,0.005,78.7,"Rain, Partially cloudy"
Istanbul,2024-11-18,53.4,0.016,83.1,"Rain, Partially cloudy"
Istanbul,2024-11-19,52.3,0.0,74.1,Partially cloudy
Istanbul,2024-11-20,56.4,0.0,72.7,Partially cloudy
Istanbul,2024-11-21,57.7,0.772,72.2,"Rain, Partially cloudy"
Istanbul,2024-11-22,54.2,0.425,76.5,"Rain, Partially cloudy"
Istanbul,2024-11-23,51.1,1.177,74.9,"Rain, Partially cloudy"
Istanbul,2024-11-24,43.0,0.291,66.2,"Rain, Partially cloudy"
Istanbul,2024-11-25,44.1,0.001,65.7,"Rain, Partially cloudy"
Istanbul,2024-11-26,46.6,0.002,67.3,"Rain, Partially cloudy"
Istanbul,2024-11-27,49.8,0.007,74.9,"Rain, Partially cloudy"
Istanbul,2024-11-28,50.1,0.013,86.1,"Rain, Partially cloudy"
Istanbul,2024-11-29,52.0,0.0,74.9,Partially cloudy
Istanbul,2024-11-30,53.8,0.0,70.1,Partially cloudy
Istanbul,2024-12-01,53.1,0.008,73.3,"Rain, Partially cloudy"
Istanbul,2024-12-02,51.2,0.237,85.3,"Rain, Partially cloudy"
Istanbul,2024-12-03,50.8,0.08,84.5,"Rain, Partially cloudy"
Istanbul,2024-12-04,49.4,0.488,90.6,"Rain, Overcast"
Istanbul,2024-12-05,49.8,0.059,87.7,"Rain, Partially cloudy"
Istanbul,2024-12-06,51.0,0.0,82.4,Clear
Istanbul,2024-12-07,56.5,0.001,70.2,"Rain, Partially cloudy"
Istanbul,2024-12-08,56.0,0.049,76.8,"Rain, Partially cloudy"
Istanbul,2024-12-09,58.4,0.382,83.8,"Rain, Partially cloudy"
Istanbul,2024-12-10,57.0,0.464,86.1,"Rain, Partially cloudy"
Istanbul,2024-12-11,49.3,1.093,92.0,"Rain, Partially cloudy"
Istanbul,2024-12-12,47.0,0.007,83.9,"Rain, Partially cloudy"
Istanbul,2024-12-13,44.7,0.021,83.4,"Rain, Partially cloudy"
Istanbul,2024-12-14,43.4,0.002,65.3,"Rain, Partially cloudy"
Istanbul,2024-12-15,48.2,0.566,84.8,"Rain, Partially cloudy"
Istanbul,2024-12-16,46.1,0.21,74.9,"Rain, Partially cloudy"
Istanbul,2024-12-17,48.6,0.0,70.6,Clear
Istanbul,2024-12-18,51.0,0.0,82.6,Clear
Istanbul,2024-12-19,48.0,0.0,84.5,Partially cloudy
Istanbul,2024-12-20,52.3,0.0,71.3,Partially cloudy
